*,key,種類,D,t,A,W,Ix,ix,Zx,Zpx,幅厚比235,幅厚比325,幅厚比355,幅厚比385,幅厚比440
_,〇-400x9,UOE/板巻き,400,9,110.6,86.8,21100,13.8,1060,1380,FA,FB,,,
_,〇-400x12,UOE/板巻き,400,12,146.3,115,27600,13.7,1380,1810,FA,FA,,,
_,〇-400x16,UOE/板巻き,400,16,193,152,35600,13.6,1780,2360,FA,FA,FA,,
_,〇-400x19,UOE/板巻き,400,19,227.4,179,41400,13.5,2070,2760,FA,FA,FA,FA,FA
_,〇-400x22,UOE/板巻き,400,22,261.3,205,46800,13.4,2340,3150,FA,FA,FA,FA,FA
_,〇-400x25,UOE/板巻き,400,25,294.5,231,52000,13.3,2600,3520,FA,FA,FA,FA,FA
_,〇-400x28,UOE/板巻き,400,28,327.2,257,56900,13.2,2850,3880,FA,FA,FA,FA,FA
_,〇-400x32,UOE/板巻き,400,32,370,290,63100,13.1,3150,4340,FA,FA,FA,FA,FA
_,〇-400x36,UOE/板巻き,400,36,411.7,323,68800,12.9,3440,4790,FA,FA,FA,FA,FA
_,〇-400x40,UOE/板巻き,400,40,452.4,355,74200,12.8,3710,5210,FA,FA,FA,FA,
_,〇-450x12,UOE/板巻き,450,12,165.1,130,39600,15.5,1760,2300,FA,FB,,,
_,〇-450x16,UOE/板巻き,450,16,218.2,171,51400,15.4,2290,3020,FA,FA,FA,,
_,〇-450x19,UOE/板巻き,450,19,257.3,202,59900,15.3,2660,3530,FA,FA,FA,FA,FA
_,〇-450x22,UOE/板巻き,450,22,295.8,232,67900,15.2,3020,4030,FA,FA,FA,FA,FA
_,〇-450x25,UOE/板巻き,450,25,333.8,262,75600,15.1,3360,4520,FA,FA,FA,FA,FA
_,〇-450x28,UOE/板巻き,450,28,371.2,291,83000,15,3690,4990,FA,FA,FA,FA,FA
_,〇-450x32,UOE/板巻き,450,32,420.2,330,92300,14.8,4100,5600,FA,FA,FA,FA,FA
_,〇-450x36,UOE/板巻き,450,36,468.2,368,101000,14.7,4490,6190,FA,FA,FA,FA,FA
_,〇-450x40,UOE/板巻き,450,40,515.2,404,109000,14.6,4860,6750,FA,FA,FA,FA,FA
_,〇-450x45,UOE/板巻き,450,45,572.6,449,119000,14.4,5280,7410,FA,FA,FA,FA,
_,〇-500x12,UOE/板巻き,500,12,184,144,54800,17.3,2190,2860,FA,FB,,,
_,〇-500x16,UOE/板巻き,500,16,243.3,191,71300,17.1,2850,3750,FA,FA,FA,,
_,〇-500x19,UOE/板巻き,500,19,287.1,225,83200,17,3330,4400,FA,FA,FA,FA,FA
_,〇-500x22,UOE/板巻き,500,22,330.4,259,94600,16.9,3780,5030,FA,FA,FA,FA,FA
_,〇-500x25,UOE/板巻き,500,25,373.1,293,106000,16.8,4220,5650,FA,FA,FA,FA,FA
_,〇-500x28,UOE/板巻き,500,28,415.2,326,116000,16.7,4640,6250,FA,FA,FA,FA,FA
_,〇-500x32,UOE/板巻き,500,32,470.5,369,129000,16.6,5180,7020,FA,FA,FA,FA,FA
_,〇-500x36,UOE/板巻き,500,36,524.8,412,142000,16.5,5680,7770,FA,FA,FA,FA,FA
_,〇-500x40,UOE/板巻き,500,40,578.1,454,154000,16.3,6160,8490,FA,FA,FA,FA,FA
_,〇-500x45,UOE/板巻き,500,45,643.2,505,168000,16.2,6720,9350,FA,FA,FA,FA,FA
_,〇-500x50,UOE/板巻き,500,50,706.9,555,181000,16,7250,10200,FA,FA,FA,FA,
_,〇-550x12,UOE/板巻き,550,12,202.8,159,73400,19,2670,3470,FA,FB,,,
_,〇-550x16,UOE/板巻き,550,16,268.4,211,95800,18.9,3480,4560,FA,FA,FB,,
_,〇-550x19,UOE/板巻き,550,19,317,249,112000,18.8,4070,5360,FA,FA,FA,FA,FB
_,〇-550x22,UOE/板巻き,550,22,364.9,286,127000,18.7,4630,6140,FA,FA,FA,FA,FA
_,〇-550x25,UOE/板巻き,550,25,412.3,324,142000,18.6,5180,6900,FA,FA,FA,FA,FA
_,〇-550x28,UOE/板巻き,550,28,459.2,360,157000,18.5,5700,7640,FA,FA,FA,FA,FA
_,〇-550x32,UOE/板巻き,550,32,520.8,409,175000,18.3,6380,8600,FA,FA,FA,FA,FA
_,〇-550x36,UOE/板巻き,550,36,581.3,456,193000,18.2,7020,9530,FA,FA,FA,FA,FA
_,〇-550x40,UOE/板巻き,550,40,640.9,503,210000,18.1,7620,10400,FA,FA,FA,FA,FA
_,〇-550x45,UOE/板巻き,550,45,713.9,560,229000,17.9,8340,11500,FA,FA,FA,FA,FA
_,〇-550x50,UOE/板巻き,550,50,785.4,616,248000,17.8,9010,12500,FA,FA,FA,FA,
_,〇-550x55,UOE/板巻き,550,55,855.3,671,265000,17.6,9640,13500,FA,FA,FA,FA,
_,〇-600x12,UOE/板巻き,600,12,221.7,174,95800,20.8,3190,4150,FA,FB,,,
_,〇-600x16,UOE/板巻き,600,16,293.6,230,125000,20.7,4170,5460,FA,FB,FB,,
_,〇-600x19,UOE/板巻き,600,19,346.8,272,146000,20.6,4880,6420,FA,FA,FA,FB,FB
_,〇-600x22,UOE/板巻き,600,22,399.5,314,167000,20.5,5570,7350,FA,FA,FA,FA,FB
_,〇-600x25,UOE/板巻き,600,25,451.6,354,187000,20.3,6230,8270,FA,FA,FA,FA,FA
_,〇-600x28,UOE/板巻き,600,28,503.2,395,206000,20.2,6880,9170,FA,FA,FA,FA,FA
_,〇-600x32,UOE/板巻き,600,32,571,448,231000,20.1,7700,10300,FA,FA,FA,FA,FA
_,〇-600x36,UOE/板巻き,600,36,637.9,501,255000,20,8490,11500,FA,FA,FA,FA,FA
_,〇-600x40,UOE/板巻き,600,40,703.7,552,277000,19.8,9240,12600,FA,FA,FA,FA,FA
_,〇-600x45,UOE/板巻き,600,45,784.6,616,304000,19.7,10100,13900,FA,FA,FA,FA,FA
_,〇-600x50,UOE/板巻き,600,50,863.9,678,329000,19.5,11000,15200,FA,FA,FA,FA,FA
_,〇-600x55,UOE/板巻き,600,55,941.7,739,353000,19.4,11800,16400,FA,FA,FA,FA,
_,〇-600x60,UOE/板巻き,600,60,1018,799,376000,19.2,12500,17600,FA,FA,FA,FA,
_,〇-650x12,UOE/板巻き,650,12,240.5,189,122000,22.6,3770,4890,FB,FC,,,
_,〇-650x16,UOE/板巻き,650,16,318.7,250,160000,22.4,4930,6430,FA,FB,FB,,
_,〇-650x19,UOE/板巻き,650,19,376.6,296,188000,22.3,5770,7570,FA,FA,FB,FB,FB
_,〇-650x22,UOE/板巻き,650,22,434,341,214000,22.2,6590,8680,FA,FA,FA,FA,FB
_,〇-650x25,UOE/板巻き,650,25,490.9,385,240000,22.1,7390,9770,FA,FA,FA,FA,FA
_,〇-650x28,UOE/板巻き,650,28,547.1,429,265000,22,8160,10800,FA,FA,FA,FA,FA
_,〇-650x32,UOE/板巻き,650,32,621.3,488,297000,21.9,9150,12200,FA,FA,FA,FA,FA
_,〇-650x36,UOE/板巻き,650,36,694.4,545,328000,21.7,10100,13600,FA,FA,FA,FA,FA
_,〇-650x40,UOE/板巻き,650,40,766.5,602,358000,21.6,11000,14900,FA,FA,FA,FA,FA
_,〇-650x45,UOE/板巻き,650,45,855.3,671,393000,21.4,12100,16500,FA,FA,FA,FA,FA
_,〇-650x50,UOE/板巻き,650,50,942.5,740,427000,21.3,13100,18000,FA,FA,FA,FA,FA
_,〇-650x55,UOE/板巻き,650,55,1028,807,459000,21.1,14100,19500,FA,FA,FA,FA,FA
_,〇-650x60,UOE/板巻き,650,60,1112,873,489000,21,15000,21000,FA,FA,FA,FA,
_,〇-650x65,UOE/板巻き,650,65,1195,938,517000,20.8,15900,22300,FA,FA,FA,FA,
_,〇-700x16,UOE/板巻き,700,16,343.8,270,201000,24.2,5750,7490,FA,FB,FB,,
_,〇-700x19,UOE/板巻き,700,19,406.5,319,236000,24.1,6740,8810,FA,FB,FB,FB,FB
_,〇-700x22,UOE/板巻き,700,22,468.6,368,270000,24,7700,10100,FA,FA,FA,FB,FB
_,〇-700x25,UOE/板巻き,700,25,530.1,416,302000,23.9,8640,11400,FA,FA,FA,FA,FB
_,〇-700x28,UOE/板巻き,700,28,591.1,464,334000,23.8,9550,12700,FA,FA,FA,FA,FA
_,〇-700x32,UOE/板巻き,700,32,671.5,527,375000,23.6,10700,14300,FA,FA,FA,FA,FA
_,〇-700x36,UOE/板巻き,700,36,751,589,415000,23.5,11900,15900,FA,FA,FA,FA,FA
_,〇-700x40,UOE/板巻き,700,40,829.4,651,453000,23.4,13000,17400,FA,FA,FA,FA,FA
_,〇-700x45,UOE/板巻き,700,45,926,727,499000,23.2,14300,19300,FA,FA,FA,FA,FA
_,〇-700x50,UOE/板巻き,700,50,1021,801,542000,23,15500,21200,FA,FA,FA,FA,FA
_,〇-700x55,UOE/板巻き,700,55,1114,875,584000,22.9,16700,22900,FA,FA,FA,FA,FA
_,〇-700x60,UOE/板巻き,700,60,1206,947,623000,22.7,17800,24600,FA,FA,FA,FA,FA
_,〇-700x65,UOE/板巻き,700,65,1297,1018,660000,22.6,18900,26300,FA,FA,FA,FA,
_,〇-700x70,UOE/板巻き,700,70,1385,1088,696000,22.4,19900,17900,FA,FA,FA,FA,
_,〇-750x16,UOE/板巻き,750,16,368.9,290,249000,26,6630,8620,FA,FB,FC,,
_,〇-750x19,UOE/板巻き,750,19,436.3,343,292000,25.9,7780,10200,FA,FB,FB,FB,FC
_,〇-750x22,UOE/板巻き,750,22,503.2,395,334000,25.8,8900,11700,FA,FA,FB,FB,FB
_,〇-750x25,UOE/板巻き,750,25,569.4,447,375000,25.6,9990,13100,FA,FA,FA,FA,FB
_,〇-750x28,UOE/板巻き,750,28,635.1,499,414000,25.5,11100,14600,FA,FA,FA,FA,FB
_,〇-750x32,UOE/板巻き,750,32,721.8,567,466000,25.4,12400,16500,FA,FA,FA,FA,FA
_,〇-750x36,UOE/板巻き,750,36,807.5,634,516000,25.3,13800,18400,FA,FA,FA,FA,FA
_,〇-750x40,UOE/板巻き,750,40,892.2,700,564000,25.1,15000,20200,FA,FA,FA,FA,FA
_,〇-750x45,UOE/板巻き,750,45,996.7,782,622000,25,16600,22400,FA,FA,FA,FA,FA
_,〇-750x50,UOE/板巻き,750,50,1100,863,677000,24.8,18100,24500,FA,FA,FA,FA,FA
_,〇-750x55,UOE/板巻き,750,55,1201,943,730000,24.6,19500,26600,FA,FA,FA,FA,FA
_,〇-750x60,UOE/板巻き,750,60,1301,1021,780000,24.5,20800,28600,FA,FA,FA,FA,FA
_,〇-750x65,UOE/板巻き,750,65,1399,1098,828000,24.3,22100,30600,FA,FA,FA,FA,FA
_,〇-750x70,UOE/板巻き,750,70,1495,1174,873000,24.2,23300,32500,FA,FA,FA,FA,
_,〇-800x16,UOE/板巻き,800,16,394.1,309,303000,27.7,7570,9840,FA,FB,FC,,
_,〇-800x19,UOE/板巻き,800,19,466.2,366,356000,27.6,8890,11600,FA,FB,FB,FB,FC
_,〇-800x22,UOE/板巻き,800,22,537.7,422,407000,27.5,10200,13300,FA,FB,FB,FB,FB
_,〇-800x25,UOE/板巻き,800,25,608.7,478,457000,27.4,11400,15000,FA,FA,FA,FB,FB
_,〇-800x28,UOE/板巻き,800,28,679.1,533,507000,27.3,12700,16700,FA,FA,FA,FA,FB
_,〇-800x32,UOE/板巻き,800,32,772.1,606,570000,27.2,14300,18900,FA,FA,FA,FA,FA
_,〇-800x36,UOE/板巻き,800,36,864.1,678,632000,27,15800,21000,FA,FA,FA,FA,FA
_,〇-800x40,UOE/板巻き,800,40,955,750,691000,26.9,17300,23100,FA,FA,FA,FA,FA
_,〇-800x45,UOE/板巻き,800,45,1067,838,763000,26.7,19100,25700,FA,FA,FA,FA,FA
_,〇-800x50,UOE/板巻き,800,50,1178,925,832000,26.6,20800,28200,FA,FA,FA,FA,FA
_,〇-800x55,UOE/板巻き,800,55,1287,1010,898000,26.4,22400,30600,FA,FA,FA,FA,FA
_,〇-800x60,UOE/板巻き,800,60,1395,1095,961000,26.2,24000,32900,FA,FA,FA,FA,FA
_,〇-800x65,UOE/板巻き,800,65,1501,1178,1020000,26.1,25500,35200,FA,FA,FA,FA,FA
_,〇-800x70,UOE/板巻き,800,70,1605,1260,1080000,25.9,27000,37400,FA,FA,FA,FA,FA
_,〇-850x16,UOE/板巻き,850,16,419.2,329,365000,29.5,8580,11100,FB,FC,FC,,
_,〇-850x19,UOE/板巻き,850,19,496,389,428000,29.4,10100,13100,FA,FB,FB,FC,FC
_,〇-850x22,UOE/板巻き,850,22,572.3,449,491000,29.3,11500,15100,FA,FB,FB,FB,FC
_,〇-850x25,UOE/板巻き,850,25,648,509,552000,29.2,13000,17000,FA,FA,FB,FB,FB
_,〇-850x28,UOE/板巻き,850,28,723.1,568,611000,29.1,14400,18900,FA,FA,FA,FA,FB
_,〇-850x32,UOE/板巻き,850,32,822.3,646,689000,28.9,16200,21400,FA,FA,FA,FA,FA
_,〇-850x36,UOE/板巻き,850,36,920.6,723,764000,28.8,18000,23900,FA,FA,FA,FA,FA
_,〇-850x40,UOE/板巻き,850,40,1018,799,837000,28.7,19700,26300,FA,FA,FA,FA,FA
_,〇-850x45,UOE/板巻き,850,45,1138,893,925000,28.5,21800,29200,FA,FA,FA,FA,FA
_,〇-850x50,UOE/板巻き,850,50,1257,986,1010000,28.3,23700,32000,FA,FA,FA,FA,FA
_,〇-850x55,UOE/板巻き,850,55,1374,1078,1090000,28.2,25700,34800,FA,FA,FA,FA,FA
_,〇-850x60,UOE/板巻き,850,60,1489,1169,1170000,28,27500,37500,FA,FA,FA,FA,FA
_,〇-850x65,UOE/板巻き,850,65,1603,1258,1240000,27.8,29300,40100,FA,FA,FA,FA,FA
_,〇-850x70,UOE/板巻き,850,70,1715,1346,1310000,27.7,30900,42700,FA,FA,FA,FA,FA
_,〇-900x19,UOE/板巻き,900,19,525.9,413,510000,31.2,11300,14700,FA,FB,FC,FC,FC
_,〇-900x22,UOE/板巻き,900,22,606.8,476,585000,31.1,13000,17000,FA,FB,FB,FB,FC
_,〇-900x25,UOE/板巻き,900,25,687.2,539,658000,30.9,14600,19100,FA,FA,FB,FB,FB
_,〇-900x28,UOE/板巻き,900,28,767.1,602,730000,30.8,16200,21300,FA,FA,FA,FB,FB
_,〇-900x32,UOE/板巻き,900,32,872.6,685,823000,30.7,18300,24100,FA,FA,FA,FA,FB
_,〇-900x36,UOE/板巻き,900,36,977.2,767,913000,30.6,20300,26900,FA,FA,FA,FA,FA
_,〇-900x40,UOE/板巻き,900,40,1081,848,1000000,30.4,22300,29600,FA,FA,FA,FA,FA
_,〇-900x45,UOE/板巻き,900,45,1209,949,1110000,30.3,24600,32900,FA,FA,FA,FA,FA
_,〇-900x50,UOE/板巻き,900,50,1335,1048,1210000,30.1,26900,36200,FA,FA,FA,FA,FA
_,〇-900x55,UOE/板巻き,900,55,1460,1146,1310000,29.9,29100,39300,FA,FA,FA,FA,FA
_,〇-900x60,UOE/板巻き,900,60,1583,1243,1400000,29.8,31200,42400,FA,FA,FA,FA,FA
_,〇-900x65,UOE/板巻き,900,65,1705,1338,1500000,29.6,33200,45400,FA,FA,FA,FA,FA
_,〇-900x70,UOE/板巻き,900,70,1825,1433,1580000,29.4,35200,48300,FA,FA,FA,FA,FA
_,〇-950x19,UOE/板巻き,950,19,555.7,436,602000,32.9,12700,16500,FA,FB,FC,FC,FC
_,〇-950x22,UOE/板巻き,950,22,641.4,503,691000,32.8,14500,18900,FA,FB,FB,FC,FC
_,〇-950x25,UOE/板巻き,950,25,726.5,570,778000,32.7,16400,21400,FA,FB,FB,FB,FC
_,〇-950x28,UOE/板巻き,950,28,811,637,863000,32.6,18200,23800,FA,FA,FB,FB,FB
_,〇-950x32,UOE/板巻き,950,32,922.9,724,973000,32.5,20500,27000,FA,FA,FA,FA,FB
_,〇-950x36,UOE/板巻き,950,36,1034,811,1080000,32.3,22800,30100,FA,FA,FA,FA,FA
_,〇-950x40,UOE/板巻き,950,40,1144,898,1190000,32.2,25000,33100,FA,FA,FA,FA,FA
_,〇-950x45,UOE/板巻き,950,45,1279,1004,1310000,32,27600,36900,FA,FA,FA,FA,FA
_,〇-950x50,UOE/板巻き,950,50,1414,1110,1440000,31.9,30200,40500,FA,FA,FA,FA,FA
_,〇-950x55,UOE/板巻き,950,55,1546,1214,1550000,31.7,32700,44100,FA,FA,FA,FA,FA
_,〇-950x60,UOE/板巻き,950,60,1678,1317,1670000,31.5,35100,47600,FA,FA,FA,FA,FA
_,〇-950x65,UOE/板巻き,950,65,1807,1419,1780000,31.4,37400,51000,FA,FA,FA,FA,FA
_,〇-950x70,UOE/板巻き,950,70,1935,1519,1890000,31.2,39700,54300,FA,FA,FA,FA,FA
_,〇-1000x19,UOE/板巻き,1000,19,585.6,460,705000,34.7,14100,18300,FB,FC,FC,FC,FC
_,〇-1000x22,UOE/板巻き,1000,22,675.9,531,809000,34.6,16200,21000,FA,FB,FB,FC,FC
_,〇-1000x25,UOE/板巻き,1000,25,765.8,601,911000,34.5,18200,23800,FA,FB,FB,FB,FC
_,〇-1000x28,UOE/板巻き,1000,28,855,671,1010000,34.4,20200,26500,FA,FA,FB,FB,FB
_,〇-1000x32,UOE/板巻き,1000,32,973.1,764,1140000,34.2,22800,30000,FA,FA,FA,FB,FB
_,〇-1000x36,UOE/板巻き,1000,36,1090,856,1270000,34.1,25400,33500,FA,FA,FA,FA,FB
_,〇-1000x40,UOE/板巻き,1000,40,1206,947,1390000,34,27800,36900,FA,FA,FA,FA,FA
_,〇-1000x45,UOE/板巻き,1000,45,1350,1060,1540000,33.8,30900,41100,FA,FA,FA,FA,FA
_,〇-1000x50,UOE/板巻き,1000,50,1492,1171,1690000,33.6,33800,45200,FA,FA,FA,FA,FA
_,〇-1000x55,UOE/板巻き,1000,55,1633,1282,1830000,33.5,36600,49200,FA,FA,FA,FA,FA
_,〇-1000x60,UOE/板巻き,1000,60,1772,1391,1960000,33.3,39300,53100,FA,FA,FA,FA,FA
_,〇-1000x65,UOE/板巻き,1000,65,1909,1499,2100000,33.1,41900,56900,FA,FA,FA,FA,FA
_,〇-1000x70,UOE/板巻き,1000,70,2045,1605,2220000,33,44500,60700,FA,FA,FA,FA,FA
_,〇-1100x19,UOE/板巻き,1100,19,645.3,506,943000,38.2,17100,22200,FB,FC,FC,FC,FD
_,〇-1100x22,UOE/板巻き,1100,22,745.1,585,1080000,38.1,19700,25600,FA,FB,FC,FC,FC
_,〇-1100x25,UOE/板巻き,1100,25,844.3,663,1220000,38,22200,28900,FA,FB,FB,FC,FC
_,〇-1100x28,UOE/板巻き,1100,28,943,740,1360000,37.9,24600,32200,FA,FB,FB,FB,FC
_,〇-1100x32,UOE/板巻き,1100,32,1074,843,1530000,37.8,27900,36500,FA,FA,FB,FB,FB
_,〇-1100x36,UOE/板巻き,1100,36,1203,945,1700000,37.6,31000,40800,FA,FA,FA,FB,FB
_,〇-1100x40,UOE/板巻き,1100,40,1332,1046,1870000,37.5,34100,45000,FA,FA,FA,FA,FB
_,〇-1100x45,UOE/板巻き,1100,45,1491,1171,2080000,37.3,37800,50100,FA,FA,FA,FA,FA
_,〇-1100x50,UOE/板巻き,1100,50,1649,1295,2280000,37.2,41400,55200,FA,FA,FA,FA,FA
_,〇-1100x55,UOE/板巻き,1100,55,1806,1417,2470000,37,44900,60100,FA,FA,FA,FA,FA
_,〇-1100x60,UOE/板巻き,1100,60,1960,1539,2660000,36.8,48300,65000,FA,FA,FA,FA,FA
_,〇-1100x65,UOE/板巻き,1100,65,2114,1659,2840000,36.7,51700,69700,FA,FA,FA,FA,FA
_,〇-1100x70,UOE/板巻き,1100,70,2265,1778,3020000,36.5,54900,74400,FA,FA,FA,FA,FA
_,〇-1200x19,UOE/板巻き,1200,19,704.9,553,1230000,41.8,20500,26500,FB,FC,FC,FD,FD
_,〇-1200x22,UOE/板巻き,1200,22,814.2,639,1410000,41.7,23500,30500,FB,FC,FC,FC,FD
_,〇-1200x25,UOE/板巻き,1200,25,922.8,724,1590000,41.6,26600,34500,FA,FB,FC,FC,FC
_,〇-1200x28,UOE/板巻き,1200,28,1031,809,1770000,41.4,29500,38500,FA,FB,FB,FC,FC
_,〇-1200x32,UOE/板巻き,1200,32,1174,922,2000000,41.3,33400,43700,FA,FB,FB,FB,FC
_,〇-1200x36,UOE/板巻き,1200,36,1316,1033,2230000,41.2,37200,48800,FA,FA,FB,FB,FB
_,〇-1200x40,UOE/板巻き,1200,40,1458,1144,2450000,41,40900,53800,FA,FA,FA,FA,FB
_,〇-1200x45,UOE/板巻き,1200,45,1633,1282,2730000,40.9,45400,60100,FA,FA,FA,FA,FA
_,〇-1200x50,UOE/板巻き,1200,50,1806,1418,2990000,40.7,49900,66200,FA,FA,FA,FA,FA
_,〇-1200x55,UOE/板巻き,1200,55,1978,1553,3250000,40.5,54200,72200,FA,FA,FA,FA,FA
_,〇-1200x60,UOE/板巻き,1200,60,2149,1687,3500000,40.4,58300,78000,FA,FA,FA,FA,FA
_,〇-1200x65,UOE/板巻き,1200,65,2318,1819,3740000,40.2,62400,83800,FA,FA,FA,FA,FA
_,〇-1200x70,UOE/板巻き,1200,70,2485,1951,3980000,40,66400,89500,FA,FA,FA,FA,FA
_,〇-101.6x3.2,電縫,101.6,3.2,9.892,7.76,120,3.48,23.6,31,FA,
_,〇-101.6x4.2,電縫,101.6,4.2,12.85,10.1,153,3.45,30.1,39.9,FA,
_,〇-101.6x5.7,電縫,101.6,5.7,17.17,13.5,198,3.4,39,52.5,FA,
_,〇-114.3x3.5,電縫,114.3,3.5,12.18,9.56,187,3.92,32.7,43,FA,
_,〇-114.3x4.5,電縫,114.3,4.5,15.52,12.2,234,3.89,41,54.3,FA,FA
_,〇-114.3x8.6,電縫,114.3,8.6,28.56,22.4,401,3.75,70.2,96.3,FA,
_,〇-139.8x4.5,電縫,139.8,4.5,19.13,15,438,4.79,62.7,82.4,FA,FA
_,〇-139.8x6,電縫,139.8,6,25.22,19.8,566,4.74,80.9,107,,FA
_,〇-139.8x6.6,電縫,139.8,6.6,27.62,21.7,614,4.72,87.8,117,FA,FA
_,〇-165.2x4.5,電縫,165.2,4.5,22.72,17.8,734,5.68,88.9,116,FA,
_,〇-165.2x5,電縫,165.2,5,25.16,19.8,808,5.67,97.8,128,FA,FA
_,〇-165.2x6,電縫,165.2,6,30.01,23.6,952,5.63,115,152,FA,FA
_,〇-165.2x7.1,電縫,165.2,7.1,35.26,27.7,1100,5.6,134,178,FA,FA
_,〇-165.2x11,電縫,165.2,11,53.29,41.8,1590,5.47,193,262,FA,FA
_,〇-190.7x4.5,電縫,190.7,4.5,26.32,20.7,1140,6.59,120,156,FA,
_,〇-190.7x5.3,電縫,190.7,5.3,30.87,24.2,1330,6.56,139,182,FA,FA
_,〇-190.7x6,電縫,190.7,6,34.82,27.3,1490,6.53,156,205,FA,
_,〇-190.7x7,電縫,190.7,7,40.4,31.7,1710,6.5,179,236,FA,
_,〇-190.7x8.2,電縫,190.7,8.2,47.01,36.9,1960,6.46,206,273,,FA
_,〇-216.3x4.5,電縫,216.3,4.5,29.94,23.5,1680,7.49,155,202,FA,
_,〇-216.3x5.8,電縫,216.3,5.8,38.36,30.1,2130,7.45,197,257,FA,FB
_,〇-216.3x6,電縫,216.3,6,39.64,31.1,2190,7.44,203,265,FA,
_,〇-216.3x7,電縫,216.3,7,46.03,36.1,2520,7.4,233,307,FA,
_,〇-216.3x8.2,電縫,216.3,8.2,53.61,42.1,2910,7.36,269,355,FA,FA
_,〇-216.3x12.7,電縫,216.3,12.7,81.23,63.8,4230,7.21,391,527,FA,FA
_,〇-267.4x6,電縫,267.4,6,49.27,38.7,4210,9.24,315,410,FA,
_,〇-267.4x6.6,電縫,267.4,6.6,54.08,42.4,4600,9.22,344,449,FA,FB
_,〇-267.4x9.3,電縫,267.4,9.3,75.41,59.2,6290,9.13,470,620,FA,FA
_,〇-267.4x12.7,電縫,267.4,12.7,101.6,79.8,8260,9.02,618,825,FA,FA
_,〇-318.5x6,電縫,318.5,6,58.91,46.2,7190,11.1,452,586,FB,
_,〇-318.5x6.9,電縫,318.5,6.9,67.55,53,8200,11,515,670,FA,FB
_,〇-318.5x7.9,電縫,318.5,7.9,77.09,60.5,9300,11,584,762,FA,FB
_,〇-318.5x9,電縫,318.5,9,87.51,68.7,10500,10.9,659,862,FA,
_,〇-318.5x10.3,電縫,318.5,10.3,99.73,78.3,11900,10.9,744,979,FA,FA
_,〇-318.5x12.7,電縫,318.5,12.7,122,95.8,14300,10.8,897,1190,FA,FA
_,〇-355.6x6.4,電縫,355.6,6.4,70.21,55.1,10700,12.3,602,781,FB,
_,〇-355.6x7.9,電縫,355.6,7.9,86.29,67.7,13000,12.3,734,955,FA,FB
_,〇-355.6x9.5,電縫,355.6,9.5,103.3,81.1,15500,12.2,871,1140,FA,FB
_,〇-355.6x11.1,電縫,355.6,11.1,120.1,94.3,17800,12.2,1000,1320,FA,FA
_,〇-355.6x12.7,電縫,355.6,12.7,136.8,107,20100,12.1,1130,1490,FA,FA
_,〇-406.4x6.4,電縫,406.4,6.4,80.42,63.1,16100,14.1,792,1020,FB,
_,〇-406.4x7.9,電縫,406.4,7.9,98.9,77.6,19600,14.1,967,1250,FB,
_,〇-406.4x9.5,電縫,406.4,9.5,118.5,93,23300,14,1150,1500,FA,FB
_,〇-406.4x12.7,電縫,406.4,12.7,157.1,123,30500,13.9,1500,1970,FA,FA
_,〇-406.4x16,電縫,406.4,16,196.2,154,37400,13.8,1840,2440,FA,FA
_,〇-406.4x19,電縫,406.4,19,231.2,182,43500,13.7,2140,2850,FA,FA
_,〇-457.2x6.4,電縫,457.2,6.4,90.64,71.1,23000,15.9,1010,1300,FC,
_,〇-457.2x7.9,電縫,457.2,7.9,111.5,87.5,28100,15.9,1230,1590,FB,
_,〇-457.2x9.5,電縫,457.2,9.5,133.6,105,33500,15.8,1470,1900,FA,FB
_,〇-457.2x12.7,電縫,457.2,12.7,177.3,139,43800,15.7,1920,2510,FA,FA
_,〇-457.2x16,電縫,457.2,16,221.8,174,54000,15.6,2360,3120,FA,FA
_,〇-457.2x19,電縫,457.2,19,261.6,205,62900,15.5,2750,3650,FA,FA
_,〇-508x6.4,電縫,508,6.4,100.9,79.2,31700,17.7,1250,1610,FC,
_,〇-508x7.9,電縫,508,7.9,124.1,97.4,38800,17.7,1530,1980,FB,
_,〇-508x9.5,電縫,508,9.5,148.8,117,46200,17.6,1820,2360,FB,FC
_,〇-508x12.7,電縫,508,12.7,197.6,155,60600,17.5,2390,3120,FA,FB
_,〇-508x16,電縫,508,16,247.3,194,74900,17.4,2950,3870,FA,FA
_,〇-508x19,電縫,508,19,291.9,229,87400,17.3,3440,4550,FA,FA
_,〇-508x22,電縫,508,22,335.9,264,99400,17.2,3910,5200,FA,
_,〇-558.8x6.4,電縫,558.8,6.4,111.1,87.2,42400,19.5,1520,1950,FC,
_,〇-558.8x7.9,電縫,558.8,7.9,136.7,107,51900,19.5,1860,2400,FC,
_,〇-558.8x9.5,電縫,558.8,9.5,163.9,129,61900,19.4,2210,2870,FB,FC
_,〇-558.8x12.7,電縫,558.8,12.7,217.9,171,81300,19.3,2910,3790,FA,FB
_,〇-558.8x16,電縫,558.8,16,272.8,214,101000,19.2,3600,4720,FA,FA
_,〇-558.8x19,電縫,558.8,19,322.2,253,118000,19.1,4210,5540,FA,FA
_,〇-558.8x22,電縫,558.8,22,371,291,134000,19,4790,6340,FA,FA
_,〇-609.6x6.4,電縫,609.6,6.4,121.3,95.2,55200,21.3,1810,2330,FC,
_,〇-609.6x7.9,電縫,609.6,7.9,149.3,117,67600,21.3,2220,2860,FC,
_,〇-609.6x9.5,電縫,609.6,9.5,179.1,141,80600,21.2,2650,3420,FB,
_,〇-609.6x12.7,電縫,609.6,12.7,238.2,187,106000,21.1,3480,4530,FA,FB
_,〇-609.6x16,電縫,609.6,16,298.4,234,132000,21,4310,5640,FA,FB
_,〇-609.6x19,電縫,609.6,19,352.5,277,154000,20.9,5050,6630,FA,FA
_,〇-609.6x22,電縫,609.6,22,406.1,319,176000,20.8,5760,7600,FA,FA
*,〇-660.4x6.4,電縫,660.4,6.4,131.5,103,70300,23.1,2130,2740,FD,FD
*,〇-660.4x9.5,電縫,660.4,9.5,194.3,152,103000,23,3120,4030,FB,FC
*,〇-660.4x12,電縫,660.4,12,244.4,192,129000,22.9,3890,5050,,FC
*,〇-660.4x12.7,電縫,660.4,12.7,258.4,203,136000,22.9,4110,5330,FB,FC
*,〇-660.4x14,電縫,660.4,14,284.3,223,149000,22.9,4500,5850,,FB
*,〇-660.4x16,電縫,660.4,16,323.9,254,168000,22.8,5090,6650,,FB
*,〇-660.4x19,電縫,660.4,19,382.9,301,197000,22.7,5970,7820,,FA
*,〇-660.4x22,電縫,660.4,22,441.2,346,225000,22.6,6820,8970,,FA
_,〇-101.6x12,シームレス,101.6,12,33.78,26.5,345,3.2,67.9,96.9,FA,FA
_,〇-101.6x28,シームレス,101.6,28,64.74,50.8,502,2.78,98.8,159,FA,FA
_,〇-105x12,シームレス,105,12,35.06,27.5,385,3.32,73.4,104,FA,FA
_,〇-105x28,シームレス,105,28,67.73,53.2,568,2.9,108,173,FA,FA
_,〇-110x12,シームレス,110,12,36.95,29,450,3.49,81.9,116,FA,FA
_,〇-110x28,シームレス,110,28,72.13,56.6,677,3.06,123,196,FA,FA
_,〇-114.3x12,シームレス,114.3,12,38.57,30.3,511,3.64,89.5,126,FA,FA
_,〇-114.3x28,シームレス,114.3,28,75.91,59.6,781,3.21,137,216,FA,FA
_,〇-120x12,シームレス,120,12,40.72,32,601,3.84,100,141,FA,FA
_,〇-120x28,シームレス,120,28,80.93,63.5,936,3.4,156,244,FA,FA
_,〇-127x12,シームレス,127,12,43.35,34,724,4.09,114,159,FA,FA
_,〇-127x28,シームレス,127,28,87.08,68.4,1150,3.64,181,282,FA,FA
_,〇-130x12,シームレス,130,12,44.48,34.9,782,4.19,120,168,FA,FA
_,〇-130x28,シームレス,130,28,89.72,70.4,1250,3.74,193,299,FA,FA
_,〇-135x12,シームレス,135,12,46.37,36.4,885,4.37,131,182,FA,FA
_,〇-135x28,シームレス,135,28,94.12,73.9,1440,3.91,213,328,FA,FA
_,〇-139.8x12,シームレス,139.8,12,48.18,37.8,992,4.54,142,197,FA,FA
_,〇-139.8x32,シームレス,139.8,32,108.4,85.1,1710,3.98,245,383,FA,FA
_,〇-141.3x12,シームレス,141.3,12,48.74,38.3,1030,4.59,145,201,FA,FA
_,〇-141.3x32,シームレス,141.3,32,109.9,86.3,1780,4.03,252,393,FA,FA
_,〇-146x12,シームレス,146,12,50.52,39.7,1140,4.76,157,216,FA,FA
_,〇-146x32,シームレス,146,32,114.6,90,2010,4.19,275,427,FA,FA
_,〇-152.4x12,シームレス,152.4,12,52.93,41.5,1310,4.98,172,237,FA,FA
_,〇-152.4x36,シームレス,152.4,36,131.6,103,2440,4.31,321,503,FA,FA
_,〇-159x12,シームレス,159,12,55.42,43.5,1510,5.21,190,260,FA,FA
_,〇-159x36,シームレス,159,36,139.1,109,2860,4.53,359,560,FA,FA
_,〇-165.2x12,シームレス,165.2,12,57.76,45.3,1700,5.43,206,282,FA,FA
_,〇-165.2x36,シームレス,165.2,36,146.1,115,3290,4.74,398,616,FA,FA
_,〇-168.3x12,シームレス,168.3,12,58.92,46.3,1810,5.54,215,294,FA,FA
_,〇-168.3x36,シームレス,168.3,36,149.6,117,3520,4.85,418,646,FA,FA
_,〇-177.8x12,シームレス,177.8,12,62.51,49.1,2160,5.88,243,330,FA,FA
_,〇-177.8x36,シームレス,177.8,36,160.4,126,4290,5.17,483,739,FA,FA
_,〇-180x12,シームレス,180,12,63.33,49.7,2250,5.95,250,339,FA,FA
_,〇-180x36,シームレス,180,36,162.9,128,4490,5.25,498,762,FA,FA
_,〇-185x12,シームレス,185,12,65.22,51.2,2450,6.13,265,360,FA,FA
_,〇-185x36,シームレス,185,36,168.5,132,4950,5.42,535,815,FA,FA
_,〇-190.7x12,シームレス,190.7,12,67.37,52.9,2700,6.33,283,384,FA,FA
_,〇-190.7x40,シームレス,190.7,40,189.4,149,5750,5.51,604,930,FA,FA
_,〇-193.7x12,シームレス,193.7,12,68.5,53.8,2840,6.44,293,397,FA,FA
_,〇-193.7x40,シームレス,193.7,40,193.1,152,6090,5.62,629,966,FA,FA
_,〇-203x12,シームレス,203,12,72.01,56.5,3300,6.77,325,438,FA,FA
_,〇-203x40,シームレス,203,40,204.8,161,7210,5.93,711,1080,FA,FA
_,〇-205x12,シームレス,205,12,72.76,57.1,3400,6.84,332,448,FA,FA
_,〇-205x40,シームレス,205,40,207.3,163,7470,6,729,1110,FA,FA
_,〇-216.3x16,シームレス,216.3,16,100.7,79,5080,7.1,470,643,FA,FA
_,〇-216.3x40,シームレス,216.3,40,221.5,174,9050,6.39,837,1260,FA,FA
_,〇-219.1x16,シームレス,219.1,16,102.1,80.1,5300,7.2,483,661,FA,FA
_,〇-219.1x40,シームレス,219.1,40,225.1,177,9470,6.49,865,1300,FA,FA
_,〇-232x16,シームレス,232,16,108.6,85.2,6370,7.66,549,748,FA,FA
_,〇-232x40,シームレス,232,40,241.3,189,11600,6.93,1000,1500,FA,FA
_,〇-241.8x16,シームレス,241.8,16,113.5,89.1,7270,8,601,817,FA,FA
_,〇-241.8x40,シームレス,241.8,40,253.6,199,13400,7.27,1110,1650,FA,FA
_,〇-244.5x16,シームレス,244.5,16,114.9,90.2,7530,8.1,616,837,FA,FA
_,〇-244.5x40,シームレス,244.5,40,257,202,13900,7.37,1140,1690,FA,FA
_,〇-267.4x16,シームレス,267.4,16,126.4,99.2,10000,8.91,750,1010,FA,FA
_,〇-267.4x40,シームレス,267.4,40,285.8,224,19000,8.16,1420,2090,FA,FA
_,〇-273.1x16,シームレス,273.1,16,129.2,101,10700,9.11,785,1060,FA,FA
_,〇-273.1x40,シームレス,273.1,40,292.9,230,20500,8.36,1500,2190,FA,FA
_,〇-298.5x16,シームレス,298.5,16,142,111,14200,10,952,1280,FA,FA
_,〇-298.5x40,シームレス,298.5,40,324.8,255,27800,9.25,1860,2690,FA,FA
_,〇-318.5x16,シームレス,318.5,16,152.1,119,17400,10.7,1100,1470,FA,FA
_,〇-318.5x36,シームレス,318.5,36,319.5,251,32400,10.1,2030,2890,FA,FA
_,〇-323.8x16,シームレス,323.8,16,154.7,121,18400,10.9,1130,1520,FA,FA
_,〇-323.8x32,シームレス,323.8,32,293.3,230,31600,10.4,1950,2740,FA,FA
_,〇-339.7x16,シームレス,339.7,16,162.7,128,21400,11.5,1260,1680,FA,FA
_,〇-339.7x36,シームレス,339.7,36,343.5,270,40200,10.8,2360,3340,FA,FA
_,〇-355.6x16,シームレス,355.6,16,170.7,134,24700,12,1390,1850,FA,FA
_,〇-355.6x40,シームレス,355.6,40,396.6,311,50200,11.2,2820,4010,FA,FA
_,〇-365.1x16,シームレス,365.1,16,175.5,138,26800,12.4,1470,1950,FA,FA
_,〇-365.1x40,シームレス,365.1,40,408.5,321,54800,11.6,3000,4250,FA,FA
_,〇-400x16,シームレス,400,16,193,152,35600,13.6,1780,2360,FA,FA
_,〇-400x40,シームレス,400,40,452.4,355,74200,12.8,3710,5210,FA,FA
_,〇-406.4x22,シームレス,406.4,22,265.7,209,49200,13.6,2420,3250,FA,FA
_,〇-406.4x40,シームレス,406.4,40,460.4,361,78200,13,3850,5390,FA,FA
_,〇-426x25,シームレス,426,25,314.9,247,63600,14.2,2980,4030,FA,FA
_,〇-426x40,シームレス,426,40,485.1,381,91300,13.7,4290,5980,FA,FA
