*,シリーズ,鋼種,key,H,B,t,R,A,W,Ix,ix,Zx,Zpx,235,295,325,385,440
*,200x200,STKR,□-200x200x6,200,200,6,18,45.63,35.8,2830,7.88,283,330,FB,,FC,,
*,200x200,STKR,□-200x200x8,200,200,8,24,59.79,46.9,3620,7.78,362,426,FA,,FA,,
*,200x200,STKR,□-200x200x9,200,200,9,27,66.67,52.3,3990,7.73,399,472,FA,,FA,,
*,200x200,STKR,□-200x200x12,200,200,12,36,86.53,67.9,4980,7.59,498,601,FA,,FA,,
_,250x250,STKR,□-250x250x6,250,250,6,18,57.63,45.2,5670,9.92,454,524,FC,,FD,,
_,250x250,STKR,□-250x250x8,250,250,8,24,75.79,59.5,7320,9.82,585,683,FA,,FB,,
_,250x250,STKR,□-250x250x9,250,250,9,27,84.67,66.5,8090,9.78,647,759,FA,,FA,,
_,250x250,STKR,□-250x250x12,250,250,12,36,110.5,86.8,10300,9.63,820,975,FA,,FA,,
_,250x250,STKR,□-250x250x16,250,250,16,48,143.2,112,12800,9.44,1020,1240,FA,,FA,,
_,300x300,STKR,□-300x300x6,300,300,6,18,69.63,54.7,9960,12,664,764,FD,,FD,,
_,300x300,STKR,□-300x300x9,300,300,9,27,102.7,80.6,14300,11.8,956,1110,FB,,FC,,
_,300x300,STKR,□-300x300x12,300,300,12,36,134.5,106,18300,11.7,1220,1440,FA,,FA,,
_,300x300,STKR,□-300x300x16,300,300,16,48,175.2,138,23100,11.5,1540,1840,FA,,FA,,
_,300x300,STKR,□-300x300x19,300,300,19,57,204.3,160,26200,11.3,1750,2120,FA,,FA,,
_,350x350,STKR,□-350x350x9,350,350,9,27,120.7,94.7,23200,13.9,1320,1530,FC,,FC,,
_,350x350,STKR,□-350x350x12,350,350,12,36,158.5,124,29800,13.7,1700,1990,FA,,FB,,
_,350x350,STKR,□-350x350x16,350,350,16,48,207.2,163,37900,13.5,2160,2570,FA,,FA,,
_,350x350,STKR,□-350x350x19,350,350,19,57,242.3,190,43400,13.4,2480,2970,FA,,FA,,
_,350x350,STKR,□-350x350x22,350,350,22,66,276.2,217,48400,13.2,2760,3340,FA,,FA,,
_,400x400,STKR,□-400x400x9,400,400,9,27,138.7,109,35100,15.9,1750,2020,FC,,FD,,
_,400x400,STKR,□-400x400x12,400,400,12,36,182.5,143,45300,15.8,2270,2640,FB,,FC,,
_,400x400,STKR,□-400x400x16,400,400,16,48,239.2,188,57900,15.6,2900,3410,FA,,FA,,
_,400x400,STKR,□-400x400x19,400,400,19,57,280.3,220,66600,15.4,3330,3960,FA,,FA,,
_,400x400,STKR,□-400x400x22,400,400,22,66,320.2,251,74700,15.3,3740,4480,FA,,FA,,
_,400x400,STKR,□-400x400x25,400,400,25,75,358.9,282,82200,15.1,4110,4970,FA,,,,
_,450x450,STKR,□-450x450x9,450,450,9,27,156.7,123,50400,17.9,2240,2580,FD,,FD,,
_,450x450,STKR,□-450x450x12,450,450,12,36,206.5,162,65400,17.8,2910,3370,FC,,FC,,
_,450x450,STKR,□-450x450x16,450,450,16,48,271.2,213,84100,17.6,3740,4380,FA,,FB,,
_,450x450,STKR,□-450x450x19,450,450,19,57,318.3,250,97100,17.5,4310,5090,FA,,FA,,
_,450x450,STKR,□-450x450x22,450,450,22,66,364.2,286,109000,17.3,4850,5780,FA,,FA,,
_,450x450,STKR,□-450x450x25,450,450,25,75,408.9,321,121000,17.2,5360,6430,FA,,,,
_,500x500,STKR,□-500x500x12,500,500,12,36,30.5,181,90800,19.8,3630,4200,FC,,FD,,
_,500x500,STKR,□-500x500x16,500,500,16,48,303.2,238,117000,19.6,4680,5460,FA,,FB,,
_,500x500,STKR,□-500x500x19,500,500,19,57,356.3,280,136000,19.5,5420,6370,FA,,FA,,
_,500x500,STKR,□-500x500x22,500,500,22,66,408.2,320,153000,19.4,6120,7240,FA,,FA,,
_,500x500,STKR,□-500x500x25,500,500,25,75,458.9,360,169000,19.2,6780,8070,FA,,,,
_,550x550,STKR,□-550x550x16,550,550,16,48,335.2,263,158000,21.7,5730,6670,FB,,FC,,
_,550x550,STKR,□-550x550x19,550,550,19,57,394.3,310,183000,21.5,6660,7790,FA,,FB,,
_,550x550,STKR,□-550x550x22,550,550,22,66,452.2,355,207000,21.4,7530,8870,FA,,FA,,
_,550x550,STKR,□-550x550x25,550,550,25,75,508.9,399,230000,21.3,8360,9910,FA,,,,
*,150x150,BCR,□-150x150x6,150,150,6,15,33.32,26.2,1130,5.82,150,178,,FA,,,
*,150x150,BCR,□-150x150x9,150,150,9,22.5,47.98,37.7,1540,5.66,205,248,,FA,,,
*,150x150,BCR,□-150x150x12,150,150,12,30,61.3,48.1,1850,5.5,247,307,,FA,,,
*,175x175,BCR,□-175x175x6,175,175,6,15,39.32,30.9,1840,6.84,210,246,,FA,,,
*,175x175,BCR,□-175x175x9,175,175,9,22.5,56.98,44.7,2550,6.68,291,348,,FA,,,
*,175x175,BCR,□-175x175x12,175,175,12,30,73.3,57.5,3120,6.52,356,437,,FA,,,
*,200x200,BCR,□-200x200x6,200,200,6,15,45.32,35.6,2800,7.86,280,327,,FC,,,
*,200x200,BCR,□-200x200x8,200,200,8,20,59.24,46.5,3570,7.76,357,421,,FA,,,
*,200x200,BCR,□-200x200x9,200,200,9,22.5,65.98,51.8,3920,7.71,392,465,,FA,,,
*,200x200,BCR,□-200x200x12,200,200,12,30,85.3,67,4860,7.55,486,588,,FA,,,
_,250x250,BCR,□-250x250x6,250,250,6,15,57.32,45,5620,9.9,450,521,,FC,,FD,
*,250x250,BCR,□-250x250x8,250,250,8,20,75.24,59.1,7230,9.8,578,676,,FB,,,
_,250x250,BCR,□-250x250x9,250,250,9,22.5,83.98,65.9,7980,9.75,639,750,,FA,,FB,
_,250x250,BCR,□-250x250x12,250,250,12,30,109.3,85.8,10100,9.59,805,959,,FA,,FA,
*,250x250,BCR,□-250x250x14,250,250,14,35,125.4,98.5,11300,9.49,903,1090,,FA,,,
_,250x250,BCR,□-250x250x16,250,250,16,40,141,111,12400,9.38,992,1210,,FA,,FA,
_,300x300,BCR,□-300x300x6,300,300,6,15,69.32,54.4,9890,11.9,660,760,,FD,,FD,
*,300x300,BCR,□-300x300x8,300,300,8,20,91.24,71.6,12800,11.8,853,991,,FC,,,
_,300x300,BCR,□-300x300x9,300,300,9,22.5,102,80.1,14200,11.8,946,1100,,FC,,FC,
_,300x300,BCR,□-300x300x12,300,300,12,30,133.3,105,18100,11.6,1200,1420,,FA,,FA,
*,300x300,BCR,□-300x300x14,300,300,14,35,153.4,120,20400,11.5,1360,1620,,FA,,,
_,300x300,BCR,□-300x300x16,300,300,16,40,173,136,22600,11.4,1510,1810,,FA,,FA,
_,300x300,BCR,□-300x300x19,300,300,19,47.5,201.2,158,25500,11.3,1700,2070,,FA,,FA,
*,300x300,BCR,□-300x300x22,300,300,22,55,228,179,28100,11.1,1870,2310,,FA,,,
_,350x350,BCR,□-350x350x9,350,350,9,22.5,120,94.2,23000,13.8,1310,1520,,FC,,FD,
_,350x350,BCR,□-350x350x12,350,350,12,30,157.3,123,29400,13.7,1680,1970,,FA,,FC,
*,350x350,BCR,□-350x350x14,350,350,14,35,181.4,142,33400,13.6,1910,2260,,FA,,,
_,350x350,BCR,□-350x350x16,350,350,16,40,205,161,37200,13.5,2130,2530,,FA,,FA,
_,350x350,BCR,□-350x350x19,350,350,19,47.5,239.2,188,42400,13.3,2420,2910,,FA,,FA,
_,350x350,BCR,□-350x350x22,350,350,22,55,272,214,47100,13.2,2690,3270,,FA,,FA,
*,350x350,BCR,□-350x350x25,350,350,25,62.5,303.5,238,51200,13,2930,3600,,FA,,,
_,400x400,BCR,□-400x400x9,400,400,9,22.5,138,108,34800,15.9,1740,2010,,FD,,FD,
_,400x400,BCR,□-400x400x12,400,400,12,30,181.3,142,44800,15.7,2240,2610,,FC,,FC,
*,400x400,BCR,□-400x400x14,400,400,14,35,209.4,164,51100,15.6,2560,3000,,FA,,,
_,400x400,BCR,□-400x400x16,400,400,16,40,237,186,57100,15.5,2850,3370,,FA,,FA,
_,400x400,BCR,□-400x400x19,400,400,19,47.5,277.2,218,65400,15.4,3270,3900,,FA,,FA,
_,400x400,BCR,□-400x400x22,400,400,22,55,316,248,73000,15.2,3650,4390,,FA,,FA,
_,400x400,BCR,□-400x400x25,400,400,25,62.5,353.5,278,80000,15,4000,4860,,FA,,FA,
_,450x450,BCR,□-450x450x9,450,450,9,22.5,156,122,50100,17.9,2230,2560,,FD,,FD,
_,450x450,BCR,□-450x450x12,450,450,12,30,205.3,161,64800,17.8,2880,3340,,FC,,FC,
*,450x450,BCR,□-450x450x14,450,450,14,35,237.4,186,74100,17.7,3290,3840,,FB,,,
_,450x450,BCR,□-450x450x16,450,450,16,40,269,211,82900,17.6,3690,4330,,FA,,FB,
_,450x450,BCR,□-450x450x19,450,450,19,47.5,315.2,247,95500,17.4,4240,5020,,FA,,FA,
_,450x450,BCR,□-450x450x22,450,450,22,55,360,283,107000,17.2,4760,5680,,FA,,FA,
_,450x450,BCR,□-450x450x25,450,450,25,62.5,403.5,317,118000,17.1,5240,6300,,FA,,FA,
_,450x450,BCR,□-450x450x28,450,450,28,70,445.7,350,128000,16.9,5680,6890,,FA,,,
*,500x500,BCR,□-500x500x9,500,500,9,22.5,174,137,69300,20,2770,3190,,,,FD,
_,500x500,BCR,□-500x500x12,500,500,12,30,229.3,180,90000,19.8,3600,4160,,FC,,FD,
*,500x500,BCR,□-500x500x14,500,500,14,35,265.4,208,103000,19.7,4120,4790,,FC,,,
_,500x500,BCR,□-500x500x16,500,500,16,40,301,236,116000,19.6,4630,5410,,FB,,FC,
_,500x500,BCR,□-500x500x19,500,500,19,47.5,353.2,277,134000,19.4,5340,6290,,FA,,FB,
_,500x500,BCR,□-500x500x22,500,500,22,55,404,317,150000,19.3,6010,7130,,FA,,FA,
_,500x500,BCR,□-500x500x25,500,500,25,62.5,453.5,356,166000,19.1,6640,7940,,FA,,FA,
_,500x500,BCR,□-500x500x28,500,500,28,70,501.7,394,181000,19,7230,8700,,FA,,,
_,550x550,BCR,□-550x550x16,550,550,16,40,333,261,156000,21.6,5670,6610,,FC,,FC,
_,550x550,BCR,□-550x550x19,550,550,19,47.5,391.2,307,181000,21.5,6570,7700,,FA,,FC,
_,550x550,BCR,□-550x550x22,550,550,22,55,448,352,204000,21.3,7420,8750,,FA,,FA,
_,550x550,BCR,□-550x550x25,550,550,25,62.5,503.5,395,226000,21.2,8210,9760,,FA,,FA,
_,550x550,BCR,□-550x550x28,550,550,28,70,557.7,438,246000,21,8960,10700,,FA,,,
*,450x450,BCP,□-450x450x12,450,450,12,42,202.8,159,63500,17.7,2820,3290,FC,,FC,,
_,450x450,BCP,□-450x450x16,450,450,16,56,264.6,208,80600,17.5,3580,4230,FA,,FB,,
_,450x450,BCP,□-450x450x19,450,450,19,66.5,309,243,92200,17.3,4100,4880,FA,,FA,FA,FA
_,450x450,BCP,□-450x450x22,450,450,22,77,351.7,276,103000,17.1,4560,5490,FA,,FA,FA,FA
_,450x450,BCP,□-450x450x25,450,450,25,87.5,392.8,308,112000,16.9,4980,6050,FA,,FA,FA,FA
_,450x450,BCP,□-450x450x28,450,450,28,98,432.3,339,121000,16.7,5360,6580,FA,,FA,FA,FA
_,450x450,BCP,□-450x450x32,450,450,32,112,482.3,379,130000,16.4,5780,7210,FA,,FA,FA,FA
*,500x500,BCP,□-500x500x12,500,500,12,42,226.8,178,88400,19.7,3540,4100,FC,,FD,,
_,500x500,BCP,□-500x500x16,500,500,16,56,296.6,233,113000,19.5,4510,5290,FA,,FB,,
_,500x500,BCP,□-500x500x19,500,500,19,66.5,347,272,130000,19.3,5180,6130,FA,,FA,FB,FB
_,500x500,BCP,□-500x500x22,500,500,22,77,395.7,311,145000,19.1,5800,6920,FA,,FA,FA,FA
_,500x500,BCP,□-500x500x25,500,500,25,87.5,442.8,348,159000,18.9,6360,7660,FA,,FA,FA,FA
_,500x500,BCP,□-500x500x28,500,500,28,98,488.3,383,172000,18.8,6870,8360,FA,,FA,FA,FA
_,500x500,BCP,□-500x500x32,500,500,32,112,546.3,429,187000,18.5,7470,9210,FA,,FA,FA,FA
_,500x500,BCP,□-500x500x36,500,500,36,126,601.4,472,200000,18.2,7990,9970,FA,,FA,FA,FA
_,500x500,BCP,□-500x500x40,500,500,40,140,653.6,513,210000,17.9,8420,10700,,,FA,FA,FA
*,550x550,BCP,□-550x550x12,550,550,12,42,250.8,197,119000,21.8,4330,5010,FC,,FD,,
_,550x550,BCP,□-550x550x16,550,550,16,56,328.6,258,153000,21.5,5550,6480,FB,,FC,,
_,550x550,BCP,□-550x550x19,550,550,19,66.5,385,302,176000,21.4,6390,7530,FA,,FB,FC,FC
_,550x550,BCP,□-550x550x22,550,550,22,77,439.7,345,197000,21.2,7180,8520,FA,,FA,FA,FB
_,550x550,BCP,□-550x550x25,550,550,25,87.5,492.8,387,217000,21,7900,9460,FA,,FA,FA,FA
_,550x550,BCP,□-550x550x28,550,550,28,98,544.3,427,236000,20.8,8570,10300,FA,,FA,FA,FA
_,550x550,BCP,□-550x550x32,550,550,32,112,610.3,479,258000,20.6,9380,11400,FA,,FA,FA,FA
_,550x550,BCP,□-550x550x36,550,550,36,126,673.4,529,277000,20.3,10100,12400,FA,,FA,FA,FA
_,550x550,BCP,□-550x550x40,550,550,40,140,733.6,576,294000,20,10700,13400,FA,,FA,FA,FA
*,600x600,BCP,□-600x600x12,600,600,12,42,274.8,216,156000,23.8,5200,6000,FD,,FD,,
_,600x600,BCP,□-600x600x16,600,600,16,56,360.6,283,201000,23.6,6690,7790,FC,,FC,,
_,600x600,BCP,□-600x600x19,600,600,19,66.5,423,332,232000,23.4,7730,9070,FA,,FC,FC,FC
_,600x600,BCP,□-600x600x22,600,600,22,77,483.7,380,261000,23.2,8710,10300,FA,,FA,FB,FC
_,600x600,BCP,□-600x600x25,600,600,25,87.5,542.8,426,288000,23.1,9620,11400,FA,,FA,FA,FA
_,600x600,BCP,□-600x600x28,600,600,28,98,600.3,471,314000,22.9,10500,12500,FA,,FA,FA,FA
_,600x600,BCP,□-600x600x32,600,600,32,112,674.3,529,345000,22.6,11500,13900,FA,,FA,FA,FA
_,600x600,BCP,□-600x600x36,600,600,36,126,745.4,585,372000,22.4,12400,15200,FA,,FA,FA,FA
_,600x600,BCP,□-600x600x40,600,600,40,140,813.6,639,397000,22.1,13200,16400,FA,,FA,FA,FA
_,600x600,BCP,□-600x600x45,600,600,45,157.5,894.7,702,423000,21.7,14100,17700,,,,FA,FA
_,650x650,BCP,□-650x650x16,650,650,16,56,392.6,308,258000,25.6,7940,9220,FC,,FC,,
_,650x650,BCP,□-650x650x19,650,650,19,66.5,461,362,299000,25.5,9200,10700,FB,,FC,FC,FC
_,650x650,BCP,□-650x650x22,650,650,22,77,527.7,414,337000,25.3,10400,12200,FA,,FB,FC,FC
_,650x650,BCP,□-650x650x25,650,650,25,87.5,592.8,465,374000,25.1,11500,13600,FA,,FA,FB,FB
_,650x650,BCP,□-650x650x28,650,650,28,98,656.3,515,407000,24.9,12500,14900,FA,,FA,FA,FA
_,650x650,BCP,□-650x650x32,650,650,32,112,738.3,580,449000,24.7,13800,16600,FA,,FA,FA,FA
_,650x650,BCP,□-650x650x36,650,650,36,126,817.4,642,487000,24.4,15000,18200,FA,,FA,FA,FA
_,650x650,BCP,□-650x650x40,650,650,40,140,893.6,702,521000,24.1,16000,19700,FA,,FA,FA,FA
_,650x650,BCP,□-650x650x45,650,650,45,157.5,984.7,773,558000,23.8,17200,21300,,,,FA,FA
_,650x650,BCP,□-650x650x50,650,650,50,175,1071,841,590000,23.5,18200,22900,,,,FA,FA
_,700x700,BCP,□-700x700x19,700,700,19,66.5,499,392,378000,27.5,10800,12600,FB,,FC,FC,FD
_,700x700,BCP,□-700x700x22,700,700,22,77,571.7,449,427000,27.3,12200,14300,FA,,FC,FC,FC
_,700x700,BCP,□-700x700x25,700,700,25,87.5,642.8,505,474000,27.1,13500,16000,FA,,FA,FB,FC
_,700x700,BCP,□-700x700x28,700,700,28,98,712.3,559,518000,27,14800,17600,FA,,FA,FA,FB
_,700x700,BCP,□-700x700x32,700,700,32,112,802.3,630,573000,26.7,16400,19600,FA,,FA,FA,FA
_,700x700,BCP,□-700x700x36,700,700,36,126,889.4,698,623000,26.5,17800,21500,FA,,FA,FA,FA
_,700x700,BCP,□-700x700x40,700,700,40,140,973.6,764,669000,26.2,19100,23300,FA,,FA,FA,FA
_,700x700,BCP,□-700x700x45,700,700,45,157.5,1075,844,720000,25.9,20600,25300,,,,FA,FA
_,700x700,BCP,□-700x700x50,700,700,50,175,1171,919,764000,25.5,21800,27200,,,,FA,FA
_,750x750,BCP,□-750x750x19,750,750,19,66.5,537,422,469000,29.6,12500,14500,FC,,FC,FD,FD
_,750x750,BCP,□-750x750x22,750,750,22,77,615.7,483,531000,29.4,14200,16600,FB,,FC,FC,FC
_,750x750,BCP,□-750x750x25,750,750,25,87.5,692.8,544,591000,29.2,15700,18500,FA,,FB,FC,FC
_,750x750,BCP,□-750x750x28,750,750,28,98,768.3,603,647000,29,17200,20400,FA,,FA,FB,FB
_,750x750,BCP,□-750x750x32,750,750,32,112,866.3,680,717000,28.8,19100,22800,FA,,FA,FA,FA
_,750x750,BCP,□-750x750x36,750,750,36,126,961.4,755,782000,28.5,20900,25000,FA,,FA,FA,FA
_,750x750,BCP,□-750x750x40,750,750,40,140,1054,827,842000,28.3,22400,27200,FA,,FA,FA,FA
_,750x750,BCP,□-750x750x45,750,750,45,157.5,1165,914,909000,27.9,24200,29700,,,,FA,FA
_,750x750,BCP,□-750x750x50,750,750,50,175,1271,998,969000,27.6,25800,32000,,,,FA,FA
_,800x800,BCP,□-800x800x19,800,800,19,66.5,575,451,574000,31.6,14300,16600,FC,,FD,FD,FD
_,800x800,BCP,□-800x800x22,800,800,22,77,659.7,518,651000,31.4,16300,19000,FB,,FC,FC,FD
_,800x800,BCP,□-800x800x25,800,800,25,87.5,742.8,583,725000,31.2,18100,21200,FA,,FC,FC,FC
_,800x800,BCP,□-800x800x28,800,800,28,98,824.3,647,795000,31.1,19900,23400,FA,,FB,FB,FC
_,800x800,BCP,□-800x800x32,800,800,32,112,930.3,730,884000,30.8,22100,26200,FA,,FA,FA,FB
_,800x800,BCP,□-800x800x36,800,800,36,126,1033,811,966000,30.6,24100,28900,FA,,FA,FA,FA
_,800x800,BCP,□-800x800x40,800,800,40,140,1134,890,1040000,30.3,26100,31400,FA,,FA,FA,FA
_,800x800,BCP,□-800x800x45,800,800,45,157.5,1255,985,1130000,30,28200,34300,,,,FA,FA
_,800x800,BCP,□-800x800x50,800,800,50,175,1371,1076,1210000,29.7,30200,37100,,,,FA,FA
_,850x850,BCP,□-850x850x19,850,850,19,66.5,613,481,694000,33.6,16300,18900,FC,,FD,FD,FD
_,850x850,BCP,□-850x850x22,850,850,22,77,703.7,552,788000,33.5,18500,21600,FC,,FC,FD,FD
_,850x850,BCP,□-850x850x25,850,850,25,87.5,792.8,622,879000,33.3,20700,24200,FB,,FC,FC,FC
_,850x850,BCP,□-850x850x28,850,850,28,98,880.3,691,965000,33.1,22700,26700,FA,,FB,FC,FC
_,850x850,BCP,□-850x850x32,850,850,32,112,994.3,781,1070000,32.9,25300,29900,FA,,FA,FB,FB
_,850x850,BCP,□-850x850x36,850,850,36,126,1105,868,1180000,32.6,27700,33000,FA,,FA,FA,FA
_,850x850,BCP,□-850x850x40,850,850,40,140,1214,953,1270000,32.4,29900,35900,FA,,FA,FA,FA
_,850x850,BCP,□-850x850x45,850,850,45,157.5,1345,1056,1380000,32.1,32500,39300,,,,FA,FA
_,850x850,BCP,□-850x850x50,850,850,50,175,1471,1155,1480000,31.7,34900,42600,,,,FA,FA
_,900x900,BCP,□-900x900x19,900,900,19,66.5,651,511,829000,35.7,18400,21300,FC,,FD,FD,FD
_,900x900,BCP,□-900x900x22,900,900,22,77,747.7,587,943000,35.5,21000,24300,FC,,FD,FD,FD
_,900x900,BCP,□-900x900x25,900,900,25,87.5,842.8,662,1050000,35.3,23400,27300,FB,,FC,FC,FD
_,900x900,BCP,□-900x900x28,900,900,28,98,936.3,735,1160000,35.2,25700,30100,FA,,FC,FC,FC
_,900x900,BCP,□-900x900x32,900,900,32,112,1058,831,1290000,34.9,28700,33800,FA,,FB,FB,FC
_,900x900,BCP,□-900x900x36,900,900,36,126,1177,924,1420000,34.7,31500,37300,FA,,FA,FA,FB
_,900x900,BCP,□-900x900x40,900,900,40,140,1294,1016,1530000,34.4,34100,40700,FA,,FA,FA,FA
_,900x900,BCP,□-900x900x45,900,900,45,157.5,1435,1126,1670000,34.1,37100,44700,,,,FA,FA
_,900x900,BCP,□-900x900x50,900,900,50,175,1571,1233,1790000,33.8,39900,48400,,,,FA,FA
_,950x950,BCP,□-950x950x22,950,950,22,77,791.7,622,1120000,37.6,23500,27200,FC,,FD,FD,FD
_,950x950,BCP,□-950x950x25,950,950,25,87.5,892.8,701,1250000,37.4,26300,30600,FC,,FC,FD,FD
_,950x950,BCP,□-950x950x28,950,950,28,98,992.3,779,1370000,37.2,28900,33800,FB,,FC,FC,FC
_,950x950,BCP,□-950x950x32,950,950,32,112,1122,881,1530000,37,32300,38000,FA,,FB,FC,FC
_,950x950,BCP,□-950x950x36,950,950,36,126,1249,981,1680000,36.7,35500,42000,FA,,FA,FB,FB
_,950x950,BCP,□-950x950x40,950,950,40,140,1374,1078,1830000,36.5,38500,45800,FA,,FA,FA,FA
_,950x950,BCP,□-950x950x45,950,950,45,157.5,1525,1197,1990000,36.2,42000,50400,,,,FA,FA
_,950x950,BCP,□-950x950x50,950,950,50,175,1671,1312,2150000,35.8,45200,54700,,,,FA,FA
_,1000x1000,BCP,□-1000x1000x22,1000,1000,22,77,835.7,656,1310000,39.6,26200,30300,FC,,FD,FD,FD
_,1000x1000,BCP,□-1000x1000x25,1000,1000,25,87.5,942.8,740,1470000,39.4,29300,34000,FC,,FC,FD,FD
_,1000x1000,BCP,□-1000x1000x28,1000,1000,28,98,1048,823,1610000,39.2,32300,37700,FB,,FC,FC,FD
_,1000x1000,BCP,□-1000x1000x32,1000,1000,32,112,1186,931,1810000,39,36100,42400,FA,,FB,FC,FC
_,1000x1000,BCP,□-1000x1000x36,1000,1000,36,126,1321,1037,1990000,38.8,39700,46900,FA,,FA,FB,FC
_,1000x1000,BCP,□-1000x1000x40,1000,1000,40,140,1454,1141,2160000,38.5,43100,51200,FA,,FA,FA,FB
_,1000x1000,BCP,□-1000x1000x45,1000,1000,45,157.5,1615,1268,2360000,38.2,47200,56400,,,,FA,FA
_,1000x1000,BCP,□-1000x1000x50,1000,1000,50,175,1771,1390,2540000,37.9,50900,61300,,,,FA,FA
*,1050x1050,BCP,□-1050x1050x25,1050,1050,25,87.5,992.8,779,1710000,41.5,32500,37700,,,,,FD
*,1050x1050,BCP,□-1050x1050x28,1050,1050,28,98,1104,867,1880000,41.3,35900,41800,,,,,FD
*,1050x1050,BCP,□-1050x1050x32,1050,1050,32,112,1250,982,2110000,41.1,40100,47000,,,,,FC
*,1050x1050,BCP,□-1050x1050x36,1050,1050,36,126,1393,1094,2320000,40.8,44200,52000,,,,,FC
*,1050x1050,BCP,□-1050x1050x40,1050,1050,40,140,1534,1204,2520000,40.6,48100,56900,,,,,FB
*,1050x1050,BCP,□-1050x1050x45,1050,1050,45,157.5,1705,1338,2760000,40.3,52600,62700,,,,,FA
*,1050x1050,BCP,□-1050x1050x50,1050,1050,50,175,1871,1469,2990000,40,56900,68300,,,,,FA
*,1100x1100,BCP,□-1100x1100x25,1100,1100,25,87.5,1043,819,1970000,43.5,35900,41600,,,,,FD
*,1100x1100,BCP,□-1100x1100x28,1100,1100,28,98,1160,911,2180000,43.3,39600,46100,,,,,FD
*,1100x1100,BCP,□-1100x1100x32,1100,1100,32,112,1314,1032,2440000,43.1,44400,51900,,,,,FC
*,1100x1100,BCP,□-1100x1100x36,1100,1100,36,126,1465,1150,2690000,42.9,48900,57500,,,,,FC
*,1100x1100,BCP,□-1100x1100x40,1100,1100,40,140,1614,1267,2930000,42.6,53300,62900,,,,,FC
*,1100x1100,BCP,□-1100x1100x45,1100,1100,45,157.5,1795,1409,3210000,42.3,58400,69400,,,,,FB
*,1100x1100,BCP,□-1100x1100x50,1100,1100,50,175,1971,1547,3480000,42,63200,75700,,,,,FA
*,1150x1150,BCP,□-1150x1150x25,1150,1150,25,87.5,1093,858,2270000,45.6,39400,45600,,,,,FD
*,1150x1150,BCP,□-1150x1150x28,1150,1150,28,98,1216,955,2500000,45.4,43600,50600,,,,,FD
*,1150x1150,BCP,□-1150x1150x32,1150,1150,32,112,1378,1082,2810000,45.1,48900,57000,,,,,FD
*,1150x1150,BCP,□-1150x1150x36,1150,1150,36,126,1537,1207,3100000,44.9,53900,63200,,,,,FC
*,1150x1150,BCP,□-1150x1150x40,1150,1150,40,140,1694,1329,3380000,44.7,58800,69200,,,,,FC
*,1150x1150,BCP,□-1150x1150x45,1150,1150,45,157.5,1885,1479,3710000,44.4,64500,76500,,,,,FB
*,1150x1150,BCP,□-1150x1150x50,1150,1150,50,175,2071,1626,4020000,44.1,69900,83400,,,,,FA
*,1200x1200,BCP,□-1200x1200x25,1200,1200,25,87.5,1143,897,2590000,47.6,43100,49800,,,,,FD
*,1200x1200,BCP,□-1200x1200x28,1200,1200,28,98,1272,999,2860000,47.4,47700,55300,,,,,FD
*,1200x1200,BCP,□-1200x1200x32,1200,1200,32,112,1442,1132,3210000,47.2,53500,62300,,,,,FD
*,1200x1200,BCP,□-1200x1200x36,1200,1200,36,126,1609,1263,3550000,47,59100,69200,,,,,FC
*,1200x1200,BCP,□-1200x1200x40,1200,1200,40,140,1774,1392,3870000,46.7,64500,75800,,,,,FC
*,1200x1200,BCP,□-1200x1200x45,1200,1200,45,157.5,1975,1550,4250000,46.4,70900,83800,,,,,FB
*,1200x1200,BCP,□-1200x1200x50,1200,1200,50,175,2171,1704,4620000,46.1,76900,91500,,,,,FA
*,1250x1250,BCP,□-1250x1250x25,1250,1250,25,87.5,1193,936,2940000,49.6,47000,54300,,,,,FD
*,1250x1250,BCP,□-1250x1250x28,1250,1250,28,98,1328,1043,3250000,49.5,52000,60200,,,,,FD
*,1250x1250,BCP,□-1250x1250x32,1250,1250,32,112,1506,1182,3650000,49.2,58400,67900,,,,,FD
*,1250x1250,BCP,□-1250x1250x36,1250,1250,36,126,1681,1320,4040000,49,64600,75400,,,,,FC
*,1250x1250,BCP,□-1250x1250x40,1250,1250,40,140,1854,1455,4410000,48.8,70500,82700,,,,,FC
*,1250x1250,BCP,□-1250x1250x45,1250,1250,45,157.5,2065,1621,4850000,48.5,77600,91500,,,,,FC
*,1250x1250,BCP,□-1250x1250x50,1250,1250,50,175,2271,1783,5270000,48.2,84300,100000,,,,,FB
*,1300x1300,BCP,□-1300x1300x25,1300,1300,25,87.5,1243,976,3320000,51.7,51100,58900,,,,,FD
*,1300x1300,BCP,□-1300x1300x28,1300,1300,28,98,1384,1087,3670000,51.5,56500,65300,,,,,FD
*,1300x1300,BCP,□-1300x1300x32,1300,1300,32,112,1570,1233,4130000,51.3,63500,73800,,,,,FD
*,1300x1300,BCP,□-1300x1300x36,1300,1300,36,126,1753,1376,4570000,51,70300,82000,,,,,FD
*,1300x1300,BCP,□-1300x1300x40,1300,1300,40,140,1934,1518,4990000,50.8,76800,89900,,,,,FC
*,1300x1300,BCP,□-1300x1300x45,1300,1300,45,157.5,2155,1691,5500000,50.5,84600,99600,,,,,FC
*,1300x1300,BCP,□-1300x1300x50,1300,1300,50,175,2371,1861,5980000,50.2,91900,109000,,,,,FB
*,1350x1350,BCP,□-1350x1350x25,1350,1350,25,87.5,1293,1015,3730000,53.7,55300,63700,,,,,FD
*,1350x1350,BCP,□-1350x1350x28,1350,1350,28,98,1440,1131,4130000,53.6,61200,70700,,,,,FD
*,1350x1350,BCP,□-1350x1350x32,1350,1350,32,112,1634,1283,4650000,53.3,68800,79800,,,,,FD
*,1350x1350,BCP,□-1350x1350x36,1350,1350,36,126,1825,1433,5140000,53.1,76200,88700,,,,,FD
*,1350x1350,BCP,□-1350x1350x40,1350,1350,40,140,2014,1581,5620000,52.9,83300,97400,,,,,FC
*,1350x1350,BCP,□-1350x1350x45,1350,1350,45,157.5,2245,1762,6200000,52.6,91800,108000,,,,,FC
*,1350x1350,BCP,□-1350x1350x50,1350,1350,50,175,2471,1940,6750000,52.3,100000,118000,,,,,FB
*,1400x1400,BCP,□-1400x1400x25,1400,1400,25,87.5,1343,1054,4180000,55.8,59700,68700,,,,,FD
*,1400x1400,BCP,□-1400x1400x28,1400,1400,28,98,1496,1175,4620000,55.6,66100,76200,,,,,FD
*,1400x1400,BCP,□-1400x1400x32,1400,1400,32,112,1698,1333,5210000,55.4,74400,86100,,,,,FD
*,1400x1400,BCP,□-1400x1400x36,1400,1400,36,126,1897,1489,5770000,55.1,82400,95800,,,,,FD
*,1400x1400,BCP,□-1400x1400x40,1400,1400,40,140,2094,1643,6310000,54.9,90100,105000,,,,,FC
*,1400x1400,BCP,□-1400x1400x45,1400,1400,45,157.5,2335,1833,6960000,54.6,99400,117000,,,,,FC
*,1400x1400,BCP,□-1400x1400x50,1400,1400,50,175,2571,2018,7580000,54.3,108000,128000,,,,,FC
_,400x400,溶接,□-400x400x16,400,400,16,0,245.8,193,60500,15.7,3030,3540,,,FA,FA,FB
_,400x400,溶接,□-400x400x19,400,400,19,0,289.6,227,70200,15.6,3510,4140,,,FA,FA,FA
_,400x400,溶接,□-400x400x22,400,400,22,0,332.6,261,79500,15.5,3970,4720,,,FA,FA,FA
_,400x400,溶接,□-400x400x25,400,400,25,0,375,294,88300,15.3,4410,5280,,,FA,FA,FA
_,400x400,溶接,□-400x400x28,400,400,28,0,416.6,327,96600,15.2,4830,5820,,,FA,FA,FA
_,400x400,溶接,□-400x400x32,400,400,32,0,471,370,107000,15.1,5360,6520,,,FA,FA,FA
_,450x450,溶接,□-450x450x16,450,450,16,0,277.8,218,87300,17.7,3880,4520,,,FB,FB,FC
_,450x450,溶接,□-450x450x19,450,450,19,0,327.6,257,102000,17.6,4520,5300,,,FA,FA,FA
_,450x450,溶接,□-450x450x22,450,450,22,0,376.6,296,115000,17.5,5120,6050,,,FA,FA,FA
_,450x450,溶接,□-450x450x25,450,450,25,0,425,334,128000,17.4,5710,6780,,,FA,FA,FA
_,450x450,溶接,□-450x450x28,450,450,28,0,472.6,371,141000,17.3,6260,7490,,,FA,FA,FA
_,450x450,溶接,□-450x450x32,450,450,32,0,535,420,157000,17.1,6970,8400,,,FA,FA,FA
_,450x450,溶接,□-450x450x36,450,450,36,0,596.2,468,172000,17,7630,9280,,,FA,FA,FA
_,450x450,溶接,□-450x450x40,450,450,40,0,656,515,186000,16.8,8250,10100,,,FA,FA,FA
_,500x500,溶接,□-500x500x16,500,500,16,0,309.8,243,121000,19.8,4840,5620,,,FB,FC,FC
_,500x500,溶接,□-500x500x19,500,500,19,0,365.6,287,141000,19.7,5650,6600,,,FA,FB,FB
_,500x500,溶接,□-500x500x22,500,500,22,0,420.6,330,161000,19.5,6420,7550,,,FA,FA,FA
_,500x500,溶接,□-500x500x25,500,500,25,0,475,373,179000,19.4,7160,8470,,,FA,FA,FA
_,500x500,溶接,□-500x500x28,500,500,28,0,528.6,415,197000,19.3,7880,9370,,,FA,FA,FA
_,500x500,溶接,□-500x500x32,500,500,32,0,599,470,220000,19.2,8790,10500,,,FA,FA,FA
_,500x500,溶接,□-500x500x36,500,500,36,0,668.2,525,241000,19,9650,11600,,,FA,FA,FA
_,500x500,溶接,□-500x500x40,500,500,40,0,736,578,262000,18.9,10500,12700,,,FA,FA,FA
_,500x500,溶接,□-500x500x45,500,500,45,0,819,643,285000,18.7,11400,14000,,,FA,FA,FA
_,500x500,溶接,□-500x500x50,500,500,50,0,900,707,308000,18.5,12300,15300,,,FA,FA,FA
_,550x550,溶接,□-550x550x16,550,550,16,0,341.8,268,163000,21.8,5910,6850,,,FC,FC,FC
_,550x550,溶接,□-550x550x19,550,550,19,0,403.6,317,190000,21.7,6910,8040,,,FB,FC,FC
_,550x550,溶接,□-550x550x22,550,550,22,0,464.6,365,216000,21.6,7860,9210,,,FA,FA,FB
_,550x550,溶接,□-550x550x25,550,550,25,0,525,412,242000,21.5,8790,10300,,,FA,FA,FA
_,550x550,溶接,□-550x550x28,550,550,28,0,584.6,459,266000,21.3,9680,11500,,,FA,FA,FA
_,550x550,溶接,□-550x550x32,550,550,32,0,663,520,298000,21.2,10800,12900,,,FA,FA,FA
_,550x550,溶接,□-550x550x36,550,550,36,0,740.2,581,328000,21,11900,14300,,,FA,FA,FA
_,550x550,溶接,□-550x550x40,550,550,40,0,816,641,356000,20.9,12900,15600,,,FA,FA,FA
_,550x550,溶接,□-550x550x45,550,550,45,0,909,714,389000,20.7,14200,17300,,,FA,FA,FA
_,550x550,溶接,□-550x550x50,550,550,50,0,1000,785,421000,20.5,15300,18800,,,FA,FA,FA
_,550x550,溶接,□-550x550x55,550,550,55,0,1089,855,450000,20.3,16400,20300,,,FA,FA,FA
_,600x600,溶接,□-600x600x19,600,600,19,0,441.6,347,249000,23.7,8290,9620,,,FC,FC,FC
_,600x600,溶接,□-600x600x22,600,600,22,0,508.6,399,284000,23.6,9450,11000,,,FA,FB,FC
_,600x600,溶接,□-600x600x25,600,600,25,0,575,451,317000,23.5,10600,12400,,,FA,FA,FA
_,600x600,溶接,□-600x600x28,600,600,28,0,640.6,503,350000,23.4,11700,13800,,,FA,FA,FA
_,600x600,溶接,□-600x600x32,600,600,32,0,727,571,392000,23.2,13100,15500,,,FA,FA,FA
_,600x600,溶接,□-600x600x36,600,600,36,0,812.2,638,432000,23.1,14400,17200,,,FA,FA,FA
_,600x600,溶接,□-600x600x40,600,600,40,0,896,703,471000,22.9,15700,18800,,,FA,FA,FA
_,600x600,溶接,□-600x600x45,600,600,45,0,999,784,516000,22.7,17200,20800,,,FA,FA,FA
_,600x600,溶接,□-600x600x50,600,600,50,0,1100,864,559000,22.5,18600,22800,,,FA,FA,FA
_,600x600,溶接,□-600x600x55,600,600,55,0,1199,941,600000,22.4,20000,24600,,,FA,FA,FA
_,600x600,溶接,□-600x600x60,600,600,60,0,1296,1017,638000,22.2,21300,26400,,,FA,FA,FA
_,650x650,溶接,□-650x650x19,650,650,19,0,479.6,376,319000,25.8,9800,11400,,,FC,FC,FC
_,650x650,溶接,□-650x650x22,650,650,22,0,552.6,434,364000,25.7,11200,13000,,,FB,FC,FC
_,650x650,溶接,□-650x650x25,650,650,25,0,625,491,408000,25.5,12500,14700,,,FA,FB,FB
_,650x650,溶接,□-650x650x28,650,650,28,0,696.6,547,450000,25.4,13800,16300,,,FA,FA,FA
_,650x650,溶接,□-650x650x32,650,650,32,0,791,621,505000,25.3,15500,18300,,,FA,FA,FA
_,650x650,溶接,□-650x650x36,650,650,36,0,884.2,694,557000,25.1,17200,20400,,,FA,FA,FA
_,650x650,溶接,□-650x650x40,650,650,40,0,976,766,608000,25,18700,22400,,,FA,FA,FA
_,650x650,溶接,□-650x650x45,650,650,45,0,1089,855,668000,24.8,20600,24800,,,FA,FA,FA
_,650x650,溶接,□-650x650x50,650,650,50,0,1200,942,725000,24.6,22300,27100,,,FA,FA,FA
_,650x650,溶接,□-650x650x55,650,650,55,0,1309,1028,779000,24.4,24000,29300,,,FA,FA,FA
_,650x650,溶接,□-650x650x60,650,650,60,0,1416,1112,830000,24.2,25500,31400,,,FA,FA,FA
_,650x650,溶接,□-650x650x65,650,650,65,0,1521,1194,878000,24,27000,33500,,,FA,FA,FA
_,700x700,溶接,□-700x700x19,700,700,19,0,517.6,406,400000,27.8,11400,13200,,,FC,FC,FD
_,700x700,溶接,□-700x700x22,700,700,22,0,596.6,468,458000,27.7,13100,15200,,,FC,FC,FC
_,700x700,溶接,□-700x700x25,700,700,25,0,675,530,513000,27.6,14700,17100,,,FA,FB,FC
_,700x700,溶接,□-700x700x28,700,700,28,0,752.6,591,567000,27.5,16200,19000,,,FA,FA,FB
_,700x700,溶接,□-700x700x32,700,700,32,0,855,671,637000,27.3,18200,21400,,,FA,FA,FA
_,700x700,溶接,□-700x700x36,700,700,36,0,956.2,751,705000,27.1,20100,23800,,,FA,FA,FA
_,700x700,溶接,□-700x700x40,700,700,40,0,1056,829,769000,27,22000,26200,,,FA,FA,FA
_,700x700,溶接,□-700x700x45,700,700,45,0,1179,926,847000,26.8,24200,29000,,,FA,FA,FA
_,700x700,溶接,□-700x700x50,700,700,50,0,1300,1020,921000,26.6,26300,31800,,,FA,FA,FA
_,700x700,溶接,□-700x700x55,700,700,55,0,1419,1114,991000,26.4,28300,34400,,,FA,FA,FA
_,700x700,溶接,□-700x700x60,700,700,60,0,1536,1206,1060000,26.2,30200,37000,,,FA,FA,FA
_,700x700,溶接,□-700x700x65,700,700,65,0,1651,1296,1120000,26.1,32000,39500,,,FA,FA,FA
_,700x700,溶接,□-700x700x70,700,700,70,0,1764,1385,1180000,25.9,33800,41800,,,FA,FA,FA
_,750x750,溶接,□-750x750x22,750,750,22,0,640.6,503,566000,29.7,15100,17500,,,FC,FC,FC
_,750x750,溶接,□-750x750x25,750,750,25,0,725,569,636000,29.6,17000,19700,,,FB,FC,FC
_,750x750,溶接,□-750x750x28,750,750,28,0,808.6,635,704000,29.5,18800,21900,,,FA,FB,FB
_,750x750,溶接,□-750x750x32,750,750,32,0,919,721,791000,29.3,21100,24800,,,FA,FA,FA
_,750x750,溶接,□-750x750x36,750,750,36,0,1028,807,876000,29.2,23400,27600,,,FA,FA,FA
_,750x750,溶接,□-750x750x40,750,750,40,0,1136,892,957000,29,25500,30300,,,FA,FA,FA
_,750x750,溶接,□-750x750x45,750,750,45,0,1269,996,1060000,28.8,28100,33600,,,FA,FA,FA
_,750x750,溶接,□-750x750x50,750,750,50,0,1400,1099,1150000,28.7,30600,36800,,,FA,FA,FA
_,750x750,溶接,□-750x750x55,750,750,55,0,1529,1200,1240000,28.5,33000,39900,,,FA,FA,FA
_,750x750,溶接,□-750x750x60,750,750,60,0,1656,1300,1320000,28.3,35300,43000,,,FA,FA,FA
_,750x750,溶接,□-750x750x65,750,750,65,0,1781,1398,1410000,28.1,37500,45900,,,FA,FA,FA
_,750x750,溶接,□-750x750x70,750,750,70,0,1904,1495,1480000,27.9,39500,48700,,,FA,FA,FA
_,750x750,溶接,□-750x750x75,750,750,75,0,2025,1590,1560000,27.7,41500,51500,,,FA,FA,FA
_,800x800,溶接,□-800x800x22,800,800,22,0,684.6,537,691000,31.8,17300,20000,,,FC,FC,FD
_,800x800,溶接,□-800x800x25,800,800,25,0,775,608,777000,31.7,19400,22500,,,FC,FC,FC
_,800x800,溶接,□-800x800x28,800,800,28,0,864.6,679,860000,31.5,21500,25000,,,FB,FB,FC
_,800x800,溶接,□-800x800x32,800,800,32,0,983,772,968000,31.4,24200,28300,,,FA,FA,FB
_,800x800,溶接,□-800x800x36,800,800,36,0,1100,864,1070000,31.2,26800,31500,,,FA,FA,FA
_,800x800,溶接,□-800x800x40,800,800,40,0,1216,955,1170000,31.1,29300,34700,,,FA,FA,FA
_,800x800,溶接,□-800x800x45,800,800,45,0,1359,1067,1300000,30.9,32400,38500,,,FA,FA,FA
_,800x800,溶接,□-800x800x50,800,800,50,0,1500,1178,1410000,30.7,35300,42300,,,FA,FA,FA
_,800x800,溶接,□-800x800x55,800,800,55,0,1639,1287,1520000,30.5,38100,45900,,,FA,FA,FA
_,800x800,溶接,□-800x800x60,800,800,60,0,1776,1394,1630000,30.3,40800,49400,,,FA,FA,FA
_,800x800,溶接,□-800x800x65,800,800,65,0,1911,1500,1730000,30.1,43400,52800,,,FA,FA,FA
_,800x800,溶接,□-800x800x70,800,800,70,0,2044,1605,1830000,29.9,45800,56100,,,FA,FA,FA
_,800x800,溶接,□-800x800x75,800,800,75,0,2175,1707,1930000,29.8,48100,59300,,,FA,FA,FA
_,800x800,溶接,□-800x800x80,800,800,80,0,2304,1809,2020000,29.6,50400,62500,,,FA,FA,FA
_,850x850,溶接,□-850x850x25,850,850,25,0,825,648,937000,33.7,22000,25500,,,FC,FC,FC
_,850x850,溶接,□-850x850x28,850,850,28,0,920.6,723,1040000,33.6,24400,28400,,,FB,FC,FC
_,850x850,溶接,□-850x850x32,850,850,32,0,1047,822,1170000,33.4,27500,32100,,,FA,FB,FB
_,850x850,溶接,□-850x850x36,850,850,36,0,1172,920,1300000,33.3,30500,35800,,,FA,FA,FA
_,850x850,溶接,□-850x850x40,850,850,40,0,1296,1017,1420000,33.1,33400,39400,,,FA,FA,FA
_,850x850,溶接,□-850x850x45,850,850,45,0,1449,1137,1570000,32.9,36900,43800,,,FA,FA,FA
_,850x850,溶接,□-850x850x50,850,850,50,0,1600,1265,1710000,32.7,40300,48100,,,FA,FA,FA
_,850x850,溶接,□-850x850x55,850,850,55,0,1749,1373,1850000,32.5,43600,52200,,,FA,FA,FA
_,850x850,溶接,□-850x850x60,850,850,60,0,1896,1488,1980000,32.3,46700,56300,,,FA,FA,FA
_,850x850,溶接,□-850x850x65,850,850,65,0,2041,1602,2110000,32.2,49700,60200,,,FA,FA,FA
_,850x850,溶接,□-850x850x70,850,850,70,0,2184,1714,2230000,32,52500,64100,,,FA,FA,FA
_,850x850,溶接,□-850x850x75,850,850,75,0,2325,1825,2350000,31.8,55300,67800,,,FA,FA,FA
_,850x850,溶接,□-850x850x80,850,850,80,0,2464,1934,2460000,31.6,57900,71400,,,FA,FA,FA
_,900x900,溶接,□-900x900x25,900,900,25,0,875,687,1120000,35.7,24800,28700,,,FC,FC,FD
_,900x900,溶接,□-900x900x28,900,900,28,0,976.6,767,1240000,35.6,27500,31900,,,FC,FC,FC
_,900x900,溶接,□-900x900x32,900,900,32,0,1111,872,1400000,35.5,31000,36200,,,FB,FB,FC
_,900x900,溶接,□-900x900x36,900,900,36,0,1244,977,1550000,35.3,34500,40300,,,FA,FA,FB
_,900x900,溶接,□-900x900x40,900,900,40,0,1376,1080,1700000,35.1,37800,44400,,,FA,FA,FA
_,900x900,溶接,□-900x900x45,900,900,45,0,1539,1208,1880000,35,41800,49400,,,FA,FA,FA
_,900x900,溶接,□-900x900x50,900,900,50,0,1700,1334,2050000,34.8,45600,54300,,,FA,FA,FA
_,900x900,溶接,□-900x900x55,900,900,55,0,1859,1459,2220000,34.6,49400,59000,,,FA,FA,FA
_,900x900,溶接,□-900x900x60,900,900,60,0,2016,1583,2380000,34.4,53000,63600,,,FA,FA,FA
_,900x900,溶接,□-900x900x65,900,900,65,0,2171,1704,2540000,34.2,56400,68100,,,FA,FA,FA
_,900x900,溶接,□-900x900x70,900,900,70,0,2324,1824,2690000,34,59700,72500,,,FA,FA,FA
_,900x900,溶接,□-900x900x75,900,900,75,0,2475,1943,2830000,33.8,62900,76800,,,FA,FA,FA
_,900x900,溶接,□-900x900x80,900,900,80,0,2624,2060,2970000,33.6,66000,80900,,,FA,FA,FA
_,950x950,溶接,□-950x950x25,950,950,25,0,925,726,1320000,37.8,27800,32100,,,FC,FD,FD
_,950x950,溶接,□-950x950x28,950,950,28,0,1033,811,1460000,37.7,30800,35700,,,FC,FC,FC
_,950x950,溶接,□-950x950x32,950,950,32,0,1175,922,1650000,37.5,34800,40500,,,FB,FC,FC
_,950x950,溶接,□-950x950x36,950,950,36,0,1316,1033,1840000,37.3,38600,45100,,,FA,FB,FB
_,950x950,溶接,□-950x950x40,950,950,40,0,1456,1143,2010000,37.2,42400,49700,,,FA,FA,FA
_,950x950,溶接,□-950x950x45,950,950,45,0,1629,1279,2230000,37,46900,55300,,,FA,FA,FA
_,950x950,溶接,□-950x950x50,950,950,50,0,1800,1413,2440000,36.8,51300,60800,,,FA,FA,FA
_,950x950,溶接,□-950x950x55,950,950,55,0,1969,1546,2640000,36.6,55500,66200,,,FA,FA,FA
_,950x950,溶接,□-950x950x60,950,950,60,0,2136,1677,2830000,36.4,59600,71400,,,FA,FA,FA
_,950x950,溶接,□-950x950x65,950,950,65,0,2301,1806,3020000,36.2,63600,76500,,,FA,FA,FA
_,950x950,溶接,□-950x950x70,950,950,70,0,2464,1934,3200000,36,67400,81500,,,FA,FA,FA
_,950x950,溶接,□-950x950x75,950,950,75,0,2625,2061,3370000,35.9,71000,86300,,,FA,FA,FA
_,950x950,溶接,□-950x950x80,950,950,80,0,2784,2185,3540000,35.7,74600,91100,,,FA,FA,FA
_,1000x1000,溶接,□-1000x1000x25,1000,1000,25,0,975,765,1550000,39.8,30900,35700,,,FC,FD,FD
_,1000x1000,溶接,□-1000x1000x28,1000,1000,28,0,1089,855,1720000,39.7,34300,39700,,,FC,FC,FD
_,1000x1000,溶接,□-1000x1000x32,1000,1000,32,0,1239,973,1940000,39.5,38700,45000,,,FB,FC,FC
_,1000x1000,溶接,□-1000x1000x36,1000,1000,36,0,1388,1090,2150000,39.4,43100,50200,,,FA,FB,FC
_,1000x1000,溶接,□-1000x1000x40,1000,1000,40,0,1536,1206,2360000,39.2,47300,55300,,,FA,FA,FB
_,1000x1000,溶接,□-1000x1000x45,1000,1000,45,0,1719,1349,2620000,39,52400,61600,,,FA,FA,FA
_,1000x1000,溶接,□-1000x1000x50,1000,1000,50,0,1900,1492,2870000,38.8,57300,67800,,,FA,FA,FA
_,1000x1000,溶接,□-1000x1000x55,1000,1000,55,0,2079,1632,3100000,38.6,62100,73800,,,FA,FA,FA
_,1000x1000,溶接,□-1000x1000x60,1000,1000,60,0,2256,1771,3340000,38.5,66700,79600,,,FA,FA,FA
_,1000x1000,溶接,□-1000x1000x65,1000,1000,65,0,2431,1908,3560000,38.3,71200,85400,,,FA,FA,FA
_,1000x1000,溶接,□-1000x1000x70,1000,1000,70,0,2604,2044,3770000,38.1,75500,91000,,,FA,FA,FA
_,1000x1000,溶接,□-1000x1000x75,1000,1000,75,0,2775,2178,3980000,37.9,79700,96500,,,FA,FA,FA
_,1000x1000,溶接,□-1000x1000x80,1000,1000,80,0,2944,2311,4180000,37.7,83700,102000,,,FA,FA,FA
_,1050x1050,溶接,□-1050x1050x28,1050,1050,28,0,1145,899,1990000,41.7,38000,43900,,,FC,FC,FD
_,1050x1050,溶接,□-1050x1050x32,1050,1050,32,0,1303,1023,2250000,41.6,42900,49800,,,FC,FC,FC
_,1050x1050,溶接,□-1050x1050x36,1050,1050,36,0,1460,1146,2510000,41.4,47700,55500,,,FB,FC,FC
_,1050x1050,溶接,□-1050x1050x40,1050,1050,40,0,1616,1269,2750000,41.3,52400,61200,,,FA,FB,FB
_,1050x1050,溶接,□-1050x1050x45,1050,1050,45,0,1809,1420,3050000,41.1,58100,68200,,,FA,FA,FA
_,1050x1050,溶接,□-1050x1050x50,1050,1050,50,0,2000,1570,3340000,40.9,63700,75100,,,FA,FA,FA
_,1050x1050,溶接,□-1050x1050x55,1050,1050,55,0,2189,1718,3620000,40.7,69000,81800,,,FA,FA,FA
_,1050x1050,溶接,□-1050x1050x60,1050,1050,60,0,2376,1865,3900000,40.5,74200,88300,,,FA,FA,FA
_,1050x1050,溶接,□-1050x1050x65,1050,1050,65,0,2561,2010,4160000,40.3,79200,94700,,,FA,FA,FA
_,1050x1050,溶接,□-1050x1050x70,1050,1050,70,0,2744,2154,4410000,40.1,84100,101000,,,FA,FA,FA
_,1050x1050,溶接,□-1050x1050x75,1050,1050,75,0,2925,2296,4660000,39.9,88800,107000,,,FA,FA,FA
_,1050x1050,溶接,□-1050x1050x80,1050,1050,80,0,3104,2437,4900000,39.7,93300,113000,,,FA,FA,FA
